authorDisplayName,commentDatePublished,videoId,videoDatePublished,likeCount,replyCount,text,timeDifference,boolean
@LijoJohN-b8i,2025-09-29 13:07:45+00:00,nlEMfjF6YeM,2025-09-29 00:56:44+00:00,3,1,"It‚Äôs a happy day for me and I feel I must share my testimony. People work for more than 10years  just to have less than  $2m in their retirement, Meanwhile some people become multi millionaires within a short period by just making the right choices. I am a living testimony, I went from debt to making an average of $200k every month, thanks to Charlotte Parnell . I pray that anyone who reads this will be successful in life.",43861,1
@Marie440-l8r,2025-09-29 13:08:31+00:00,nlEMfjF6YeM,2025-09-29 00:56:44+00:00,0,0,This is wild‚Ä¶ I have seen her name before but did not  think much of it. Hearing stories like this makes me wonder if I have been sleeping on a big opportunity,43907,1
@JakeGarner1-t5q,2025-09-29 10:41:27+00:00,nlEMfjF6YeM,2025-09-29 00:56:44+00:00,70,9,"I will be forever grateful to you, you have changed my entire life and I continue to preach on your behalf for the whole world to hear that with just a small investment you saved me from going into huge financial debt.
brThank you Laura Philmon",35083,1
@WilsonDavies-c3y,2025-09-29 10:42:25+00:00,nlEMfjF6YeM,2025-09-29 00:56:44+00:00,0,0,"Wow. I&#39;m a bit perplexed seeing her been mentioned here also Didn‚Äôt know she has been good to so many people too this is wonderful, I&#39;m in my fifth trade with her and it has been super.",35141,1
@BarbaraDonna-m1,2025-09-29 10:43:01+00:00,nlEMfjF6YeM,2025-09-29 00:56:44+00:00,0,0,"She is my family&#39;s personal Broker and also a personal Broker to many families in the United states, she is a licensed broker and a FINRA AGENT in the United States.",35177,1
@EvgenyBazhenov11-i4,2025-09-29 10:43:44+00:00,nlEMfjF6YeM,2025-09-29 00:56:44+00:00,0,0,You trade with Laura Philmon too? Wow that woman has been a blessing to me and my family.,35220,1
@CraigPawson-h8y1,2025-09-29 10:44:27+00:00,nlEMfjF6YeM,2025-09-29 00:56:44+00:00,0,0,"I&#39;m new at this, please how can I reach her?",35263,1
@BernardAtwood21,2025-09-29 10:45:10+00:00,nlEMfjF6YeM,2025-09-29 00:56:44+00:00,0,0,I was skeptical at first till I decided to try. Its huge returns is awesome. I can&#39;t say much,35306,1
@JakeGarner1-t5q,2025-09-29 10:45:29+00:00,nlEMfjF6YeM,2025-09-29 00:56:44+00:00,0,0,"she&#39;s mostly on Telegrams, using the user name.",35325,1
@JakeGarner1-t5q,2025-09-29 10:45:39+00:00,nlEMfjF6YeM,2025-09-29 00:56:44+00:00,0,0,Philmon7 üíØ..that&#39;s it,35335,1
@CraigPawson-h8y1,2025-09-29 11:08:58+00:00,nlEMfjF6YeM,2025-09-29 00:56:44+00:00,0,0,"Thank you for this,  Will definitely reach out to her now. Thanks again",36734,1
@BruceKnight-w1t,2025-09-29 10:20:35+00:00,nlEMfjF6YeM,2025-09-29 00:56:44+00:00,115,14,"I just want to express my heartfelt thanks ‚Äî your insights and recommendations over the weekend played a key role in helping me reach $45K today. I started with just $6K last month, and through precise timing and strategic decisions, the journey has been nothing short of incredible. I‚Äôm truly grateful for the knowledge you‚Äôve shared.",33831,1
@StephenFerguson-u5i,2025-09-29 10:21:22+00:00,nlEMfjF6YeM,2025-09-29 00:56:44+00:00,1,0,"That‚Äôs absolutely amazing üéâ ‚Äî congratulations on turning $6K into $45K in such a short time! üöÄ That kind of growth doesn‚Äôt happen by luck alone; it shows you‚Äôve been disciplined, focused, and willing to act on insights with confidence.",33878,1
@BruceKnight-w1t,2025-09-29 10:21:46+00:00,nlEMfjF6YeM,2025-09-29 00:56:44+00:00,0,0,Thank you üôè ‚Äî I really appreciate you saying that.,33902,1
@DanielleMills-j9p,2025-09-29 10:22:22+00:00,nlEMfjF6YeM,2025-09-29 00:56:44+00:00,0,0,"That‚Äôs solid growth. I‚Äôve been in the space for a while, but I still fumble entries. Are you trading off your own strategy or following someone?",33938,1
@BruceKnight-w1t,2025-09-29 10:23:03+00:00,nlEMfjF6YeM,2025-09-29 00:56:44+00:00,0,0,Good question,33979,1
@BruceKnight-w1t,2025-09-29 10:23:20+00:00,nlEMfjF6YeM,2025-09-29 00:56:44+00:00,1,0,"Rolando Diaz  is my mentor he&#39;s probably the best I&#39;ve ever come across, he is well recommended for newbies and his  technical analysis is one of the best out there any investor can engage with.",33996,1
@PaulSpencer-s1s,2025-09-29 10:23:31+00:00,nlEMfjF6YeM,2025-09-29 00:56:44+00:00,1,0,"wow you know him! I&#39;ve followed many traders over the years, but none have been as consistently accurate as Diaz ... he&#39;s truly in an inspiration to us all..",34007,1
@WayneNelson-e1z,2025-09-29 10:24:05+00:00,nlEMfjF6YeM,2025-09-29 00:56:44+00:00,1,0,"He is a great mentor, since I found him I have even stop listening and watching other contents and just follow him coz I understand his teaching so well and easy for me to adopt",34041,1
@KathleenHopkins-w4v,2025-09-29 10:24:42+00:00,nlEMfjF6YeM,2025-09-29 00:56:44+00:00,1,0,That man has been so helpful when it comes to generating accurate signals for traders either old or new. I&#39;ll forever give him credits,34078,1
@PamelaWilliamson-e9e,2025-09-29 10:25:11+00:00,nlEMfjF6YeM,2025-09-29 00:56:44+00:00,0,0,"Hello, I am really interested in working with your mentor because I am tired of losing so much money in trading. I have tried watching a lot of videos but I am still confused because they all have different things to say. How can I reach him ????",34107,1
@BruceKnight-w1t,2025-09-29 10:25:48+00:00,nlEMfjF6YeM,2025-09-29 00:56:44+00:00,0,0,"HE&#39;S MOSTLY ON TELEGRAMS,",34144,1
@BruceKnight-w1t,2025-09-29 10:25:59+00:00,nlEMfjF6YeM,2025-09-29 00:56:44+00:00,1,0,@Rolandotif  THAT&#39;S THE USER NAME,34155,1
@BruceKnight-w1t,2025-09-29 10:26:24+00:00,nlEMfjF6YeM,2025-09-29 00:56:44+00:00,1,0,Verify and write ‚úç only to the user name,34180,1
@PamelaWilliamson-e9e,2025-09-29 10:26:40+00:00,nlEMfjF6YeM,2025-09-29 00:56:44+00:00,0,0,I&#39;m very glad I stumbled on this today writing to him now. Really hope  he can help me too,34196,1
@DorisHayes-u7e,2025-09-29 10:29:10+00:00,nlEMfjF6YeM,2025-09-29 00:56:44+00:00,0,0,Great perspective and hes points are very rational. I&#39;m very glad I stumbled on this today writing to him now really hope he can help me too using my check to do thisüôè,34346,1
@Tboy-m5h,2025-09-29 10:05:24+00:00,nlEMfjF6YeM,2025-09-29 00:56:44+00:00,92,17,"Thank you for the update. I advise traders, especially beginners, to research the market before jumping in. I must say that trading offers more benefits than simply staying invested. Thanks, Mikel for keeping me up to date. I&#39;m glad I started using your program. ‚ù§‚Äçüî•",32920,1
@chiaa070770,2025-09-29 10:05:55+00:00,nlEMfjF6YeM,2025-09-29 00:56:44+00:00,0,0,Please let me know. I&#39;ve come across this name before. Now I&#39;m interested. How can I contact him?,32951,1
@Tboy-m5h,2025-09-29 10:06:08+00:00,nlEMfjF6YeM,2025-09-29 00:56:44+00:00,0,0,TE LE GRAM ‚úä‚úÖ,32964,1
@Tboy-m5h,2025-09-29 10:06:13+00:00,nlEMfjF6YeM,2025-09-29 00:56:44+00:00,0,0,@MikelEtradex‚úä‚≠ê‚Ä¶,32969,1
@Tboy-m5h,2025-09-29 10:06:20+00:00,nlEMfjF6YeM,2025-09-29 00:56:44+00:00,0,0,is the only official verified blue account...,32976,1
@chiaa070770,2025-09-29 10:06:43+00:00,nlEMfjF6YeM,2025-09-29 00:56:44+00:00,0,0,Thanks for sharing such valuable informationüôèü§ô,32999,1
@user-jo7yy1qp2l,2025-09-29 10:06:54+00:00,nlEMfjF6YeM,2025-09-29 00:56:44+00:00,0,0,Edward Mikel expertise is truly commendable. He has a remarkable skill in making complex cryptographic concepts easy to understand.,33010,1
@LyunChouin,2025-09-29 10:07:17+00:00,nlEMfjF6YeM,2025-09-29 00:56:44+00:00,0,0,I see it as a second chance in life to succeed,33033,1
@JoelHorsley,2025-09-29 10:08:36+00:00,nlEMfjF6YeM,2025-09-29 00:56:44+00:00,0,0,"It is the best, to be honest, it is also beneficial for me. This inflation has taught people the importance of multiple incomes. Investments help a lot.",33112,1
@HildegardaRuston,2025-09-29 10:09:02+00:00,nlEMfjF6YeM,2025-09-29 00:56:44+00:00,0,0,"I started with a small amount, but Edward Mikel signals were so accurate that I was profitable from day one. I‚Äôve now turned a $5,000 trade into over $33,500.",33138,1
@Axis-z3t,2025-09-29 10:09:15+00:00,nlEMfjF6YeM,2025-09-29 00:56:44+00:00,0,0,"Investments are currently the most profitable business in the world. Real estate, stocks and cryptocurrencies are positively changing people&#39;s lives...",33151,1
@ShaverPorto,2025-09-29 10:10:19+00:00,nlEMfjF6YeM,2025-09-29 00:56:44+00:00,0,0,"Good info, I appreciate your interest, this will help a lot especially to young Bitcoin investors who have little to no knowledge of how the Bitcoin market works...",33215,1
@user-oe8hr1zh7u,2025-09-29 10:10:32+00:00,nlEMfjF6YeM,2025-09-29 00:56:44+00:00,0,0,"Investments are currently the most profitable business in the world. Real estate, stocks and cryptocurrencies are positively changing people&#39;s lives...",33228,1
@langa200830,2025-09-29 10:10:54+00:00,nlEMfjF6YeM,2025-09-29 00:56:44+00:00,0,0,Edward Mikel coaching is not only educational but also motivating. He makes sure you stay on track and encourages you to keep improving.,33250,1
@olteharris6369,2025-09-29 10:11:34+00:00,nlEMfjF6YeM,2025-09-29 00:56:44+00:00,0,0,"I started with a small amount, but Edward Mikel signals were so accurate that I was profitable from day one. I‚Äôve now turned a $5,000 trade into over $33,500.",33290,1
@F7eYouk,2025-09-29 10:11:49+00:00,nlEMfjF6YeM,2025-09-29 00:56:44+00:00,0,0,"He&#39;s a mentor! Nothing new here because I have been on his coaching scheme for over 8 months now and the outcome has been wonderful Great to see you guys talking about him, he changed the game for me.",33305,1
@PolTellez,2025-09-29 10:12:33+00:00,nlEMfjF6YeM,2025-09-29 00:56:44+00:00,0,0,"Well, this is not the first time I&#39;ve seen his name on a social platform. I think he&#39;s extremely brilliant and lucrative at the same time",33349,1
@CundyAsencio,2025-09-29 09:22:50+00:00,nlEMfjF6YeM,2025-09-29 00:56:44+00:00,332,2,BOOM! Bought in at the start of XA14P with $10k and turned it into a quick $70K profit and got out of there. DON&#39;T GET GREEDY!,30366,1
@RavenCharles-s4b,2025-09-29 13:11:32+00:00,nlEMfjF6YeM,2025-09-29 00:56:44+00:00,0,0,"It‚Äôs a happy day for me and I feel I must share my testimony. People work for more than 10years  just to have less than  $2m in their retirement, Meanwhile some people become multi millionaires within a short period by just making the right choices. I am a living testimony, I went from debt to making an average of $200k every month, thanks to Charlotte Parnell . I pray that anyone who reads this will be successful in life.",44088,1
@Marie440-l8r,2025-09-29 13:12:09+00:00,nlEMfjF6YeM,2025-09-29 00:56:44+00:00,0,0,This is wild‚Ä¶ I have seen her name before but did not  think much of it. Hearing stories like this makes me wonder if I have been sleeping on a big opportunity,44125,1
@MariannaGpp,2025-09-29 09:18:29+00:00,nlEMfjF6YeM,2025-09-29 00:56:44+00:00,813,4,XA14P is up by 5.73% in the last 24 hours. This is not explosion. This is a start. The real explosion is when XA14P Breaks $1,30105,1
@JackandJill-o3s,2025-09-29 14:01:31+00:00,nlEMfjF6YeM,2025-09-29 00:56:44+00:00,0,0,Heavy on tech stocks at the moment. Gonna let it ride for now and rebalance down the road.,47087,1
@SloanCapitalReport,2025-09-29 14:03:13+00:00,nlEMfjF6YeM,2025-09-29 00:56:44+00:00,0,0,same here. tech is and has been carrying for the last 10 years. i dont know if i see it slowing. yes they have high p/e ratios but they have very high e‚Äôs,47189,1
@ChristopherDean-o7q,2025-09-29 14:06:53+00:00,nlEMfjF6YeM,2025-09-29 00:56:44+00:00,0,0,"My investments are mostly tech-focused, it‚Äôs where I see the most innovation. That said, I had to learn how to manage the risks. Martha Ann Nielsen, a CFA, helped me structure things so I can stay confident without going overboard. Definitely helpful.",47409,1
@SloanCapitalReport,2025-09-29 14:09:38+00:00,nlEMfjF6YeM,2025-09-29 00:56:44+00:00,0,0,"Found her webpage on Google, I wrote her an email and scheduled a call. Thank you.",47574,1
@johnsonlarry-b6y,2025-09-29 06:03:48+00:00,nlEMfjF6YeM,2025-09-29 00:56:44+00:00,275,8,"Friends say sell, but I‚Äôm holding GROK47A till at least x60",18424,1
@aleclester-r5x,2025-09-29 08:35:18+00:00,nlEMfjF6YeM,2025-09-29 00:56:44+00:00,0,0,"I lost over $80k when everything started to tank. Not because I was in an exchange that went belly up. I was just stupid to hold and because that&#39;s what everyone said. I&#39;m still responsible. It just taught me to be a better investor now that I understand more of what could go wrong. It took me over two years of being in the market, I&#39;m really grateful I found one source to recover my money, at least $10k profits weekly. Thanks Catherine Gauthier.",27514,1
@aleclester-r5x,2025-09-29 08:35:25+00:00,nlEMfjF6YeM,2025-09-29 00:56:44+00:00,0,0,"She&#39;s mostly on Telegrams, using the user name.",27521,1
@aleclester-r5x,2025-09-29 08:35:35+00:00,nlEMfjF6YeM,2025-09-29 00:56:44+00:00,0,0,GAUTHIER6  ‚úÖ¬Ø..that&#39;s it,27531,1
@IsabellaCharlotte-n4b,2025-09-29 08:36:08+00:00,nlEMfjF6YeM,2025-09-29 00:56:44+00:00,0,0,"Wow. I&#39;m a bit perplexed seeing her been mentioned here also Didn&#39;t know she has been good to so many people too this is wonderful, I&#39;m in my fifth trade with her and it has been super.",27564,1
@KellyJohnson278,2025-09-29 08:36:30+00:00,nlEMfjF6YeM,2025-09-29 00:56:44+00:00,0,0,"She is my family&#39;s personal Broker and also a personal Broker to many families in the United states, she is a licensed broker and a FINRA AGENT in the United States.",27586,1
@stevehulmes,2025-09-29 08:36:57+00:00,nlEMfjF6YeM,2025-09-29 00:56:44+00:00,0,0,"This is amazing, You trade with Catherine Gauthier too? Wow that woman has been a blessing to me and my family.",27613,1
@AlesiaGurrola3621,2025-09-29 08:37:22+00:00,nlEMfjF6YeM,2025-09-29 00:56:44+00:00,0,0,I was skeptical at first till I decided to try. Its huge returns is awesome. I can&#39;t say much,27638,1
@BaoHuynh-m8x2g,2025-09-29 05:51:25+00:00,nlEMfjF6YeM,2025-09-29 00:56:44+00:00,0,8,"<b>I‚Äôm glad you made this video, I can recall when I was homeless and faced many things in life until $23,000 biweekly began rolling in and my Life went from A homeless nobody to a different person with good things to offer God bless Mrs Emily Gianna !!!!</b>",17681,1
@EUGENETANNA,2025-09-29 05:51:59+00:00,nlEMfjF6YeM,2025-09-29 00:56:44+00:00,0,0,how do you make such?? I&#39;m a born Christian and sometimes I feel so down myself because of low finance but I still believe in God,17715,1
@GUYALBINA,2025-09-29 05:52:26+00:00,nlEMfjF6YeM,2025-09-29 00:56:44+00:00,0,0,"As a beginner, it is essential that you have a mentor to help you stay accountable. In my case,  EMILY GIANNA and I highly recommend her. I focus on her. To be honest, I&#39;m almost hesitant to let someone take charge of growing my finances, but I&#39;m so glad I did!",17742,1
@GUYALBINA,2025-09-29 05:52:44+00:00,nlEMfjF6YeM,2025-09-29 00:56:44+00:00,0,0,"wow this awesome  I&#39;m 52 and have been looking for ways to be successful, please how??",17760,1
@VIRGILIOMAYRA,2025-09-29 05:53:03+00:00,nlEMfjF6YeM,2025-09-29 00:56:44+00:00,0,0,"Emily Gianna investment is the best way of making money in the market due to a lack of experience which resulted in loosing funds.But  Mrs Emily Gianna  , restored hope shes a good woman",17779,1
@RAMIROEVELYNE,2025-09-29 05:53:20+00:00,nlEMfjF6YeM,2025-09-29 00:56:44+00:00,0,0,Wow I know her too!  Emily Gianna  is a remarkable individual whom has brought immense positivity and inspiration into my life.,17796,1
@JONAS-c5o6uy,2025-09-29 05:53:36+00:00,nlEMfjF6YeM,2025-09-29 00:56:44+00:00,0,0,"My family has been working with Ms. Emily Gianna for two years, and his insights are incredible. I really appreciate her honesty!",17812,1
@FELIXSOL-n4m,2025-09-29 05:53:52+00:00,nlEMfjF6YeM,2025-09-29 00:56:44+00:00,0,0,"This sounds so good, and I would like to be a part to this. Is there any way I can speak with her??   i&#39;m new here",17828,1
@VIRGILIOMAYRA,2025-09-29 05:56:57+00:00,nlEMfjF6YeM,2025-09-29 00:56:44+00:00,0,0,<b>@PROFITWITHGIANNA</b>,18013,1
@RobertDeveau-j4j,2025-09-29 03:36:14+00:00,nlEMfjF6YeM,2025-09-29 00:56:44+00:00,58,30,<b>I have 15k ready but not very experienced. How do I get started?</b>,9570,1
@Ttt-k4b,2025-09-29 03:37:56+00:00,nlEMfjF6YeM,2025-09-29 00:56:44+00:00,1,0,"Dude, I&#39;m not wanting to get rich I just want to live the basics of life comfortably. Like, I want to pay my bills, get my groceries and be able to maybe go see a movie. Can barely do the bills and groceries. üòë",9672,1
@Ggh-h6i,2025-09-29 03:38:31+00:00,nlEMfjF6YeM,2025-09-29 00:56:44+00:00,0,0,"For a couple of time now, I have a strong desire to earn in digital currency but I don&#39;t know how to go about it.",9707,1
@Fhhk-d9s,2025-09-29 03:39:19+00:00,nlEMfjF6YeM,2025-09-29 00:56:44+00:00,1,0,Am willing to invest heavily on it but as a beginner I don&#39;t want to lose my hard earned money. I wish I could get the help of a reliable pro to guide me.,9755,1
@MacAlexis-i9q,2025-09-29 03:39:47+00:00,nlEMfjF6YeM,2025-09-29 00:56:44+00:00,0,0,"The market is highly sensitive and volatile, it needs the assistance of a professional assigned by a brokerage company who will teach,direct or even manage your funds professionally as a newbie.",9783,1
@ShannonSampson-f9s,2025-09-29 03:40:29+00:00,nlEMfjF6YeM,2025-09-29 00:56:44+00:00,0,0,"Ms Eloise w. George investment is the best way of making money in the market due to a lack of experience which resulted in loosing funds. But Ms Ms Eloise w. George , restored hope shes a good woman",9825,1
@SponsoredMehra,2025-09-29 03:41:46+00:00,nlEMfjF6YeM,2025-09-29 00:56:44+00:00,0,0,"How can she be contacted, I have messed up a lot trying to do it on my own",9902,1
@DylanDevine-k1v,2025-09-29 03:42:30+00:00,nlEMfjF6YeM,2025-09-29 00:56:44+00:00,0,0,The most serious step to take in life is to make the right decisions at the right time. Am not regretting investing in digital currency today. My life is a testimony.,9946,1
@Nat√°liaFigueira-t3e,2025-09-29 03:42:56+00:00,nlEMfjF6YeM,2025-09-29 00:56:44+00:00,0,0,"I‚Äôve been trading with Ms Eloise w. George  for a while now, and I must say her strategies are on point. If you‚Äôre really looking to grow in the market, I‚Äôd recommend working with her. She‚Äôs consistent, knowledgeable, and results-driven.",9972,1
@VickieLuis,2025-09-29 03:43:35+00:00,nlEMfjF6YeM,2025-09-29 00:56:44+00:00,0,0,"I want to try a different way this time, How can I get her info?",10011,1
@hammerfist420,2025-09-29 03:43:36+00:00,nlEMfjF6YeM,2025-09-29 00:56:44+00:00,0,0,Oh!  Just give it to me.  I gotcha üòâ,10012,1
@ShannonSampson-f9s,2025-09-29 03:44:41+00:00,nlEMfjF6YeM,2025-09-29 00:56:44+00:00,0,0,I will leave her information below this comment,10077,1
@ShannonSampson-f9s,2025-09-29 03:44:52+00:00,nlEMfjF6YeM,2025-09-29 00:56:44+00:00,0,0,"SHE&#39;S mostly  on TELE GRAMS, using the user name below üëé",10088,1
@ShannonSampson-f9s,2025-09-29 03:53:26+00:00,nlEMfjF6YeM,2025-09-29 00:56:44+00:00,0,0,<b>EXPERTELOISE</b>,10602,1
@ShannonSampson-f9s,2025-09-29 03:54:58+00:00,nlEMfjF6YeM,2025-09-29 00:56:44+00:00,0,0,Please tell her that I am your referee ‚ú®,10694,1
@RenaLodi-c9n3s,2025-09-29 03:55:30+00:00,nlEMfjF6YeM,2025-09-29 00:56:44+00:00,0,0,Thank you. I&#39;ll message her  and mention I was referred by you.,10726,1
@RenaLodi-c9n3s,2025-09-29 03:55:41+00:00,nlEMfjF6YeM,2025-09-29 00:56:44+00:00,0,0,"Though I started with as low as $6,000 actually because it was my first time and it was successful. She&#39;s is a great personality in the state",10737,1
@JasonMurphy-z3y,2025-09-29 03:56:13+00:00,nlEMfjF6YeM,2025-09-29 00:56:44+00:00,0,0,thought I was the only one familiar with her. She has a good reputation I guess.,10769,1
@Bomboclack-n6j4j,2025-09-29 03:56:39+00:00,nlEMfjF6YeM,2025-09-29 00:56:44+00:00,0,0,"There&#39;s nothing to compare with having your own money, having your own time, paying your own bills and living a good and luxurious lifestyle. God bless Ms Eloise w. George",10795,1
@juanyanez755,2025-09-29 04:05:07+00:00,nlEMfjF6YeM,2025-09-29 00:56:44+00:00,1,0,Omg so fake thread brPls dont waste your time with these scammers,11303,1
@Doomsday-c8y1j,2025-09-29 04:15:11+00:00,nlEMfjF6YeM,2025-09-29 00:56:44+00:00,0,0,Nice! I&#39;m interested in this too,11907,1
@sircaliber1,2025-09-29 04:15:27+00:00,nlEMfjF6YeM,2025-09-29 00:56:44+00:00,1,0,Don&#39;t listen to youtubers,11923,1
@ShaneFit,2025-09-29 04:17:19+00:00,nlEMfjF6YeM,2025-09-29 00:56:44+00:00,0,0,Split it into 5-6 good names that mean something to you and maybe ($VOO or $SPY) or ($QQQ / $DIA) ($SCHD as a bond play) then pick names you want to diamond hands and never look back.,12035,1
@Paulson-x6g,2025-09-29 04:17:28+00:00,nlEMfjF6YeM,2025-09-29 00:56:44+00:00,0,0,"invested $19k with her. I&#39;ve made a net profit of around $46,350",12044,1
@Rossblinks,2025-09-29 04:18:44+00:00,nlEMfjF6YeM,2025-09-29 00:56:44+00:00,0,0,"The market is highly sensitive and volatile, it needs the assistance of a professional assigned by a brokerage company who will teach,direct or even manage your funds professionally as a newbie.",12120,1
@JudgeMatty,2025-09-29 04:53:00+00:00,nlEMfjF6YeM,2025-09-29 00:56:44+00:00,1,0,‚Äã@@ShannonSampson-f9sEloise is a thief and will steal your money üòí,14176,1
@ClipHutt,2025-09-29 04:54:09+00:00,nlEMfjF6YeM,2025-09-29 00:56:44+00:00,0,0,Put it all on black then you‚Äôll have 30k,14245,1
@jamesmadill9097,2025-09-29 05:05:42+00:00,nlEMfjF6YeM,2025-09-29 00:56:44+00:00,0,0,"Just give it to me, you&#39;re going to lose it anywaysüòÇüòÇ",14938,1
@Senfgurk3,2025-09-29 05:06:21+00:00,nlEMfjF6YeM,2025-09-29 00:56:44+00:00,0,0,Probably you should start by Investing into an ETF like msci-world,14977,1
@Investments_and_motivation,2025-09-29 06:37:33+00:00,nlEMfjF6YeM,2025-09-29 00:56:44+00:00,0,0,Start small slow and learn get used to money fluctuations,20449,1
@jeremiest-louis2943,2025-09-29 14:49:23+00:00,nlEMfjF6YeM,2025-09-29 00:56:44+00:00,0,0,"S&amp;P 500, or other etfs that have companies you believe will grow.",49959,1
@MarieBrooks-q7n,2025-09-29 10:33:41+00:00,xes9rMT9mBM,2025-09-25 00:53:34+00:00,111,14,"I just want to express my heartfelt thanks ‚Äî your insights and recommendations over the weekend played a key role in helping me reach $45K today. I started with just $6K last month, and through precise timing and strategic decisions, the journey has been nothing short of incredible. I‚Äôm truly grateful for the knowledge you‚Äôve shared.",380407,1
@BrandonNewman-k5l,2025-09-29 10:34:39+00:00,xes9rMT9mBM,2025-09-25 00:53:34+00:00,1,0,"That‚Äôs absolutely amazing üéâ ‚Äî congratulations on turning $6K into $45K in such a short time! üöÄ That kind of growth doesn‚Äôt happen by luck alone; it shows you‚Äôve been disciplined, focused, and willing to act on insights with confidence.",380465,1
@MarieBrooks-q7n,2025-09-29 10:35:32+00:00,xes9rMT9mBM,2025-09-25 00:53:34+00:00,0,0,Thank you üôè ‚Äî I really appreciate you saying that.,380518,1
@DanielShaw-z5r,2025-09-29 10:35:46+00:00,xes9rMT9mBM,2025-09-25 00:53:34+00:00,0,0,"That‚Äôs solid growth. I‚Äôve been in the space for a while, but I still fumble entries. Are you trading off your own strategy or following someone?",380532,1
@MarieBrooks-q7n,2025-09-29 10:36:31+00:00,xes9rMT9mBM,2025-09-25 00:53:34+00:00,0,0,Good question,380577,1
@MarieBrooks-q7n,2025-09-29 10:36:43+00:00,xes9rMT9mBM,2025-09-25 00:53:34+00:00,1,0,"Rolando Diaz  is my mentor he&#39;s probably the best I&#39;ve ever come across, he is well recommended for newbies and his  technical analysis is one of the best out there any investor can engage with.",380589,1
@AndrewFields-r6d,2025-09-29 10:36:53+00:00,xes9rMT9mBM,2025-09-25 00:53:34+00:00,1,0,"wow you know him! I&#39;ve followed many traders over the years, but none have been as consistently accurate as Diaz ... he&#39;s truly in an inspiration to us all..",380599,1
@ElizabethLane-z3q,2025-09-29 10:37:24+00:00,xes9rMT9mBM,2025-09-25 00:53:34+00:00,1,0,"He is a great mentor, since I found him I have even stop listening and watching other contents and just follow him coz I understand his teaching so well and easy for me to adopt",380630,1
@DeniseHopkins-x1l,2025-09-29 10:38:17+00:00,xes9rMT9mBM,2025-09-25 00:53:34+00:00,1,0,That man has been so helpful when it comes to generating accurate signals for traders either old or new. I&#39;ll forever give him credits,380683,1
@CaterinaRinaldi-j5t,2025-09-29 10:39:07+00:00,xes9rMT9mBM,2025-09-25 00:53:34+00:00,0,0,"Hello, I am really interested in working with your mentor because I am tired of losing so much money in trading. I have tried watching a lot of videos but I am still confused because they all have different things to say. How can I reach him ????",380733,1
@MarieBrooks-q7n,2025-09-29 10:39:35+00:00,xes9rMT9mBM,2025-09-25 00:53:34+00:00,0,0,"HE&#39;S MOSTLY ON TELEGRAMS,",380761,1
@MarieBrooks-q7n,2025-09-29 10:39:46+00:00,xes9rMT9mBM,2025-09-25 00:53:34+00:00,1,0,@Rolandotif  THAT&#39;S THE USER NAME,380772,1
@MarieBrooks-q7n,2025-09-29 10:40:02+00:00,xes9rMT9mBM,2025-09-25 00:53:34+00:00,0,0,HE ONLY HAVE ONE ACCOUNT AND IT`S VERIFIED ‚òë,380788,1
@CaterinaRinaldi-j5t,2025-09-29 10:40:11+00:00,xes9rMT9mBM,2025-09-25 00:53:34+00:00,0,0,I&#39;m very glad I stumbled on this today writing to him now. Really hope  he can help me too,380797,1
@AlbertKnight-g8i,2025-09-29 10:40:53+00:00,xes9rMT9mBM,2025-09-25 00:53:34+00:00,0,0,Great perspective and hes points are very rational. I&#39;m very glad I stumbled on this today writing to him now really hope he can help me too using my check to do thisüôè,380839,1
@kelvinH577,2025-09-29 04:43:12+00:00,xes9rMT9mBM,2025-09-25 00:53:34+00:00,39,21,"Thanks for the continuous updates, I started stocks investment with $3,350, and since following you for a few weeks now and I&#39;ve gotten, $18579. It&#39;s a small gain to many but large to me as the more I get, the more I can do",359378,1
@MARYLINDEVILLE,2025-09-29 04:55:42+00:00,xes9rMT9mBM,2025-09-25 00:53:34+00:00,0,0,Wow congratulations on your impressive investment successüéâüéâplease can you share more about the investment,360128,1
@kelvinH577,2025-09-29 04:57:18+00:00,xes9rMT9mBM,2025-09-25 00:53:34+00:00,1,0,I consistently recommend Evelyn Burchett as my top choice. She&#39;s well-known for her expertise in financial markets and has an impressive track record. I highly endorse her services.,360224,1
@RihaCynthia,2025-09-29 05:01:33+00:00,xes9rMT9mBM,2025-09-25 00:53:34+00:00,0,0,It is good to seek legit guide before venturing into trading to avoid losses,360479,1
@sarahbryant2712,2025-09-29 05:03:02+00:00,xes9rMT9mBM,2025-09-25 00:53:34+00:00,0,0,"Magnificent, Can you share more info?",360568,1
@henryjohn7439,2025-09-29 05:04:44+00:00,xes9rMT9mBM,2025-09-25 00:53:34+00:00,0,0,Finding someone truly skillful is hard. I&#39;m happy to see that a lot of people found Evelyn,360670,1
@petermanvill5121,2025-09-29 05:09:15+00:00,xes9rMT9mBM,2025-09-25 00:53:34+00:00,0,0,I want to start too but i don&#39;t know how..,360941,1
@AhmadMuhammad2546,2025-09-29 05:10:44+00:00,xes9rMT9mBM,2025-09-25 00:53:34+00:00,0,0,Honestly I really need help learning this.,361030,1
@gorgealex8068,2025-09-29 05:14:36+00:00,xes9rMT9mBM,2025-09-25 00:53:34+00:00,0,0,"You have just said it all Mr Kelvin, I have made more than 90K God bless Evelyn Burchett and God bless United Kingdomüá¨üáß",361262,1
@Alice_Walton,2025-09-29 05:15:38+00:00,xes9rMT9mBM,2025-09-25 00:53:34+00:00,0,0,"so sweet.ü•∞ I&#39;m a little surprised you mention it here too. I didn&#39;t know she was good with so many people too. This is wonderful, I&#39;m on my fifth operation with her and it&#39;s been great.",361324,1
@ChristyDAmore,2025-09-29 05:17:41+00:00,xes9rMT9mBM,2025-09-25 00:53:34+00:00,0,0,"Yeah, 200k from Evelyn Burchett, looking into acquiring a new House",361447,1
@aliyuauwal2559,2025-09-29 05:19:34+00:00,xes9rMT9mBM,2025-09-25 00:53:34+00:00,0,0,Good to give her a head startbrPlease how can I get in touch with this Evelyn Burchett?,361560,1
@faridasaid3659,2025-09-29 05:20:31+00:00,xes9rMT9mBM,2025-09-25 00:53:34+00:00,0,0,How can i participate in this? I sincerely espire to establish a secure financial future and am eager to participate,361617,1
@ChuJennweng,2025-09-29 05:21:32+00:00,xes9rMT9mBM,2025-09-25 00:53:34+00:00,0,0,"Opps this is goodnews, how can someone reach her?",361678,1
@kelvinH577,2025-09-29 05:22:53+00:00,xes9rMT9mBM,2025-09-25 00:53:34+00:00,0,0,&quot;It&#39;s very simple because her details is all over the web&quot;,361759,1
@kelvinH577,2025-09-29 05:23:04+00:00,xes9rMT9mBM,2025-09-25 00:53:34+00:00,0,0,Just research the name and make it known to her...,361770,1
@floweridforlove.2447,2025-09-29 05:24:08+00:00,xes9rMT9mBM,2025-09-25 00:53:34+00:00,0,0,"Since I started to learn trading I have realized that the most important things are patience and discipline, Waiting for the clear and right opportunity.",361834,1
@MichaelJordan-jb3yy,2025-09-29 05:25:13+00:00,xes9rMT9mBM,2025-09-25 00:53:34+00:00,0,0,I&#39;ve seen different people talking about this Evelyn Burchett she must be very amazing for people to talk this good about her.,361899,1
@mmadunatuflorence1453,2025-09-29 05:30:18+00:00,xes9rMT9mBM,2025-09-25 00:53:34+00:00,0,0,"Amazing!!! I&#39;m so excited, Ms Evelyn Burchett, being mentioned here? Because her strategies have also normalized winning trades for me. and it&#39;s a huge milestone for me looking back to how it all started.",362204,1
@faridasaid3659,2025-09-29 05:31:25+00:00,xes9rMT9mBM,2025-09-25 00:53:34+00:00,0,0,Thank you for this amazing tip. I just looked the name up and wrote her.,362271,1
@JeffersonJeff-t2z,2025-09-29 05:34:54+00:00,xes9rMT9mBM,2025-09-25 00:53:34+00:00,0,0,Great tips! Consistent saving and smart investing can really build wealth over time.&quot;,362480,1
@SunilAmbekar011,2025-09-29 05:36:13+00:00,xes9rMT9mBM,2025-09-25 00:53:34+00:00,0,0,Wow. I&#39;m a bit perplexed seeing Evelyn Burchett been mentioned here also i didn&#39;t know she has been good to so many people too this is wonderful.,362559,1
@jenniferrobberts,2025-09-26 15:37:35+00:00,xes9rMT9mBM,2025-09-25 00:53:34+00:00,117,7,"I HAVE BEEN EXPERIENCING A LOT OF LOSES TRADING ON MY OWN ALL ALONG, CAN SOMEONE GUIDE ME THROUGH A PROFESSIONAL TRADER WHO&#39;S GONNA TRADE AND MAKE GOOD PROFITS FOR ME... ANY IDEA?",139441,1
@SUANNADawn,2025-09-26 16:14:19+00:00,xes9rMT9mBM,2025-09-25 00:53:34+00:00,3,0,Check up Evelyn Morgan She&#39;s really one of the best and legit traders available right now.üò¢,141645,1
@SUANNADawn,2025-09-26 16:14:49+00:00,xes9rMT9mBM,2025-09-25 00:53:34+00:00,3,0,I have made huge profit on my investment since i started trading with Evelyn Morgan her investment strategies is a top notch,141675,1
@jenniferrobberts,2025-09-26 16:33:45+00:00,xes9rMT9mBM,2025-09-25 00:53:34+00:00,3,0,"How can I get in touch with her? Please, I need her contact info.üôèüôèüôèüôè",142811,1
@GeorgeCrofootgastelum,2025-09-26 16:39:07+00:00,xes9rMT9mBM,2025-09-25 00:53:34+00:00,2,0,"If you believe in the future, then indeed you will know that Bitcoin is really the future",143133,1
@SUANNADawn,2025-09-26 16:44:09+00:00,xes9rMT9mBM,2025-09-25 00:53:34+00:00,1,0,‚ô•¬±‚ûå‚ô•‚ûé‚ô•‚ûê‚ô•br‚ù§‚ûí‚ô•‚ûç‚ô•‚ûé‚ô•‚ûã‚ô•br‚ù§‚ûí‚ô•‚ûã‚ô•‚ûã‚ô•‚ûí‚ù§,143435,1
@NguyenNguyen-e3m6d,2025-09-26 16:50:07+00:00,xes9rMT9mBM,2025-09-25 00:53:34+00:00,0,0,"Wow, I am just shocked you recommended her. I thought people don&#39;t know her ,,,, she&#39;s  really awesome ,  the best so far.",143793,1
@WilliamsJones-e7j,2025-09-26 16:52:29+00:00,xes9rMT9mBM,2025-09-25 00:53:34+00:00,0,0,"I&#39;m really amazed she is really doing a lot in people&#39;s lives. Evelyn morgan has proven that people can still be trusted,",143935,1
@VolkmanFern,2025-09-25 22:34:24+00:00,xes9rMT9mBM,2025-09-25 00:53:34+00:00,40,10,"Becoming a good trader takes time anmpatience. When i first got into trading i was liquidated twice, and lost my entire mortgage deposit. I could have given up, but decided to learn how to trade and put it into practice. 2 years later and I&#39;m up with 842k...",78050,1
@ElianRomaguera,2025-09-25 22:35:44+00:00,xes9rMT9mBM,2025-09-25 00:53:34+00:00,0,0,How did you do that? It sounds good. I would like to know how to begin. üôè,78130,1
@VolkmanFern,2025-09-25 22:39:32+00:00,xes9rMT9mBM,2025-09-25 00:53:34+00:00,0,0,Rory R Donald&#39;s strategy has normalised winning trades for me also and it&#39;s a huge milestone for me looking back to brhow it all started,78358,1
@OrtizVEino,2025-09-25 22:40:32+00:00,xes9rMT9mBM,2025-09-25 00:53:34+00:00,0,0,"Wow. I&#39;m a bit perplexed seeing his name been mentioned here also Didn‚Äôt know he has been good to so many people too this is wonderful, I&#39;m in my fifth trade with him and it has been super",78418,1
@ElianRomaguera,2025-09-25 22:54:15+00:00,xes9rMT9mBM,2025-09-25 00:53:34+00:00,0,0,How can I get in touch with Rory R Donald&#39;s to learn about his investment opportunities?,79241,1
@VolkmanFern,2025-09-25 22:56:22+00:00,xes9rMT9mBM,2025-09-25 00:53:34+00:00,0,0,"HE&#39;S MOSTLY ON TELEGRAMS WITH HIS VERIFIED ACCOUNT‚òë, USING THE USER NAME BELOW",79368,1
@livix3989,2025-09-29 19:38:11+00:00,nlEMfjF6YeM,2025-09-29 00:56:44+00:00,0,0,‚ÄúPrint it and put it on your neighbour‚Äôs house‚Äù üòÇüòÇ got me,67287,0
@gkan93,2025-09-29 19:18:03+00:00,nlEMfjF6YeM,2025-09-29 00:56:44+00:00,0,0,Love your videos Charlie,66079,0
@jbbookz,2025-09-29 18:58:45+00:00,nlEMfjF6YeM,2025-09-29 00:56:44+00:00,0,0,no harping but APLD listed twice?     üòÑ,64921,0
@GwenStacey-y4z1p,2025-09-29 18:42:57+00:00,nlEMfjF6YeM,2025-09-29 00:56:44+00:00,1,1,"Thanks for the continuous updates, I started stocks investment with $3,350, and since following you for a few weeks now and l&#39;ve gotten, $18579. It&#39;s a small gain to many but large to me as the more I get, the more I can do",63973,0
@AndrewKyle-l9c,2025-09-29 19:17:34+00:00,nlEMfjF6YeM,2025-09-29 00:56:44+00:00,0,0,Wow congratulations on your impressive investment successüéâüéâ brPlease can you share more about the investment,66050,0
@VolkmanFern,2025-09-29 18:00:05+00:00,nlEMfjF6YeM,2025-09-29 00:56:44+00:00,91,8,"I am from Miami United Stateüá∫üá∏, The difference Rory R Donald&#39;s makes in my life is second to none it&#39;s definitely a life changing kindness. I really appreciate his effort in my life.  I made more profit than ever before, I will recommend him as one of the best trader in the market",61401,0
@VolkmanFern,2025-09-29 18:00:28+00:00,nlEMfjF6YeM,2025-09-29 00:56:44+00:00,0,0,HE&#39;S MOSTLY ON TELEGRAMS USING THE USER NAME BELOW,61424,0
@VolkmanFern,2025-09-29 18:00:47+00:00,nlEMfjF6YeM,2025-09-29 00:56:44+00:00,0,0,@RolextpbrTHAT IS HIS TELEGRAMS HANDLE.,61443,0
@FrederikLedner-g6x,2025-09-29 18:01:53+00:00,nlEMfjF6YeM,2025-09-29 00:56:44+00:00,0,0,I&#39;m from Monaco ! I and two other  of my friends tried him immediately we testified his wonderful performance,61509,0
@JoesphSchimmel,2025-09-29 18:02:35+00:00,nlEMfjF6YeM,2025-09-29 00:56:44+00:00,0,0,Rory R Donald&#39;s understanding of market indicators is impressive. he knows exactly when to enter and exit trades for maximum profit. his signals are top notch.,61551,0
@LeonAuer-l3s,2025-09-29 18:03:25+00:00,nlEMfjF6YeM,2025-09-29 00:56:44+00:00,0,0,"Nice to see this here.. His expertise in technical analysis and chart interpretation has been instrumental in my trading success. ., he has definitely delivered solutions well above my expectations.",61601,0
@FeltonBlock-b5k,2025-09-29 18:04:13+00:00,nlEMfjF6YeM,2025-09-29 00:56:44+00:00,0,0,"Wow. I&#39;m a bit perplexed seeing him been mentioned here also Didn‚Äôt know he has been good to so many people too this is wonderful, I&#39;m in my fifth trade with him and it has been super.",61649,0
@CamrenWeber-n9r,2025-09-29 18:05:38+00:00,nlEMfjF6YeM,2025-09-29 00:56:44+00:00,0,0,"The first time we tried, we invested $5400 and after a week, we received $10,230. That really helped us a lot to pay up our bills.",61734,0
@EzraTorphyDVM,2025-09-29 18:06:29+00:00,nlEMfjF6YeM,2025-09-29 00:56:44+00:00,0,0,"Rory R Donald&#39;s is one of a kind, I&#39;m glad to hear others talk about him. So so nice to see this on YouTube",61785,0
@GBsPitstop,2025-09-29 17:43:47+00:00,nlEMfjF6YeM,2025-09-29 00:56:44+00:00,0,0,$TQQQ,60423,0
@S4IF15,2025-09-29 17:42:53+00:00,nlEMfjF6YeM,2025-09-29 00:56:44+00:00,0,0,"do you mention when NVDA suspends the contract, aka soundhound AI etc",60369,0
@MikeFrench101,2025-09-29 17:28:55+00:00,nlEMfjF6YeM,2025-09-29 00:56:44+00:00,0,0,I have 200 shares of Navitas,59531,0
@KeshiyaLane,2025-09-29 17:06:26+00:00,nlEMfjF6YeM,2025-09-29 00:56:44+00:00,533,0,"Right now the DEX has a huge glitch
brIf you are swapping you are getting like x 7 I done a vldeo.",58182,0
@bylakopbhu4852,2025-09-29 17:04:01+00:00,nlEMfjF6YeM,2025-09-29 00:56:44+00:00,0,0,Lithium america tanked down next day after your video üò¢üò¢.. maybe in long run will head up..,58037,0
@MoneyMakerMachine-m2r,2025-09-29 16:57:08+00:00,nlEMfjF6YeM,2025-09-29 00:56:44+00:00,0,0,"Try also Rekor Systems, REKR, 50% in the last month! üî•üöÄ Check my analysis for more details!",57624,0
@hinduyuva09,2025-09-29 16:50:09+00:00,nlEMfjF6YeM,2025-09-29 00:56:44+00:00,0,0,Charlieeee how do you do it!,57205,0
@drewbadwolf5182,2025-09-29 16:37:02+00:00,nlEMfjF6YeM,2025-09-29 00:56:44+00:00,0,0,"UBI just cries towards authoritarianism, new office is data center and related job markets. It‚Äôs a shift is all , anyway I hope",56418,0
@ElVagodeJoel,2025-09-29 16:25:22+00:00,nlEMfjF6YeM,2025-09-29 00:56:44+00:00,0,0,"Thank you, Charlie. We truly appreciate your videos and the way you share your knowledge and work. You have no idea how many families have been receiving your help. In my case, I‚Äôm saving money for my daughter‚Äôs college.",55718,0
@mikesabatino5043,2025-09-29 16:23:01+00:00,nlEMfjF6YeM,2025-09-29 00:56:44+00:00,0,0,Did AMC ever blow up like this guy said it was going to?,55577,0
@dunabolotte7357,2025-09-29 16:07:09+00:00,nlEMfjF6YeM,2025-09-29 00:56:44+00:00,0,0,"Great job Charlie,  That chart looks like the state of Kentucky!  :)",54625,0
@diamondhandsbillionaire,2025-09-29 15:57:01+00:00,nlEMfjF6YeM,2025-09-29 00:56:44+00:00,0,0,APLD üöÄüöÄüöÄ,54017,0
@mulemekonnen5435,2025-09-29 15:50:12+00:00,nlEMfjF6YeM,2025-09-29 00:56:44+00:00,0,0,What happen Lovely Mara,53608,0
@putheflamesoutyahoo1503,2025-09-29 14:35:57+00:00,nlEMfjF6YeM,2025-09-29 00:56:44+00:00,0,0,"light comm chips....less night draw ::ie::robots.....houses old inefficient-new freedom homes...===less energy....less loss transforming, oh n superconductors...streamline transportation//entertainment",49153,0
@putheflamesoutyahoo1503,2025-09-29 14:22:00+00:00,nlEMfjF6YeM,2025-09-29 00:56:44+00:00,0,0,We need Emblows,48316,0
@gmckean7,2025-09-29 14:14:02+00:00,nlEMfjF6YeM,2025-09-29 00:56:44+00:00,0,0,"Do you run your own ethereum node? If not, you have to ask how decentralized is it compared to Bitcoin",47838,0
@Cyampagn,2025-09-29 14:02:07+00:00,nlEMfjF6YeM,2025-09-29 00:56:44+00:00,8,1,"wtf is this comment section, I like your insights but this is also full of bots",47123,0
@MoneyMakerMachine-m2r,2025-09-29 16:57:44+00:00,nlEMfjF6YeM,2025-09-29 00:56:44+00:00,2,0,"Yep, too many...",57660,0
@rrb79,2025-09-29 13:45:01+00:00,nlEMfjF6YeM,2025-09-29 00:56:44+00:00,0,0,"If 80% of the population does not have jobs and cant buy products, why would the elites want them to exist?brAI and the robots are already going to produce what the elites need anyway.",46097,0
@JohnnyDiesel1519,2025-09-29 13:44:25+00:00,nlEMfjF6YeM,2025-09-29 00:56:44+00:00,0,0,"Can you go back to months subscriptions, for the holiday season?",46061,0
@mrtesla5724,2025-09-29 13:38:15+00:00,nlEMfjF6YeM,2025-09-29 00:56:44+00:00,0,0,thoughts on UPST?,45691,0
@cindysin7208,2025-09-29 13:34:17+00:00,nlEMfjF6YeM,2025-09-29 00:56:44+00:00,18,0,Apld@25brBmnr@75brHims@41brNavitas@6.43,45453,0
@ConwayFarnsworth,2025-09-29 13:25:49+00:00,nlEMfjF6YeM,2025-09-29 00:56:44+00:00,0,0,"If you‚Äôre holding ¬∫Xonedium¬Æ and ADA, don‚Äôt sell. Moon vibes incoming big time! üî•",44945,0
@BrigitteKalincheno,2025-09-29 13:25:43+00:00,nlEMfjF6YeM,2025-09-29 00:56:44+00:00,0,0,You said ¬∫Xonedium¬Æ will 100x in your last vid. Can you share more details? Everyone needs to know!,44939,0
@MirnaCovington,2025-09-29 13:25:35+00:00,nlEMfjF6YeM,2025-09-29 00:56:44+00:00,0,0,Thank you very much! ¬∫Xonedium¬Æ is so smart great to know,44931,0
@YanyaKlum,2025-09-29 13:25:23+00:00,nlEMfjF6YeM,2025-09-29 00:56:44+00:00,0,0,"hodl ¬∫Xonedium¬Æ and keep adding it, real values üöÄ",44919,0
@JeffereyGonnella,2025-09-29 13:25:17+00:00,nlEMfjF6YeM,2025-09-29 00:56:44+00:00,0,0,"¬∫Xonedium¬Æ has the incredible edge, with $1 it is way too cheap. All the hodlers gonna unite in happiness",44913,0
@DevaniSides,2025-09-29 13:25:12+00:00,nlEMfjF6YeM,2025-09-29 00:56:44+00:00,0,0,"Great prediction for ¬∫Xonedium¬Æ, they have the edge with all major listings this year, easy 100x",44908,0
@IrwinBuck,2025-09-29 13:25:06+00:00,nlEMfjF6YeM,2025-09-29 00:56:44+00:00,0,0,¬∫Xonedium¬Æ army is a thing,44902,0
@JoyBrandon-o3x,2025-09-29 13:25:00+00:00,nlEMfjF6YeM,2025-09-29 00:56:44+00:00,0,0,"¬∫Xonedium¬Æ gonna go on a run, all the way UP!",44896,0
@HugoStahl-o2e,2025-09-29 13:24:49+00:00,nlEMfjF6YeM,2025-09-29 00:56:44+00:00,0,0,I sold my wife to buy ¬∫Xonedium¬Æ,44885,0
@FaysalChiosso,2025-09-29 13:24:37+00:00,nlEMfjF6YeM,2025-09-29 00:56:44+00:00,0,0,Somehow ¬∫Xonedium¬Æ beats all markets,44873,0
@FrancescRosenbaum,2025-09-29 13:24:32+00:00,nlEMfjF6YeM,2025-09-29 00:56:44+00:00,0,0,Buying all the bags of ¬∫Xonedium¬Æ I can get. The reason is obvious,44868,0
@AugustGeer-z1k,2025-09-29 13:24:26+00:00,nlEMfjF6YeM,2025-09-29 00:56:44+00:00,0,0,¬∫Xonedium¬Æ is the king. Everyone loves it,44862,0
@MaurizioReel,2025-09-29 13:24:21+00:00,nlEMfjF6YeM,2025-09-29 00:56:44+00:00,0,0,"Altseason is coming, great for ¬∫Xonedium¬Æ",44857,0
@NejlaHoff,2025-09-29 13:24:15+00:00,nlEMfjF6YeM,2025-09-29 00:56:44+00:00,0,0,I hope Trump saves this world and he always appreciated those who made ¬∫Xonedium¬Æ,44851,0
@tsachinovique4233,2025-09-29 13:24:14+00:00,nlEMfjF6YeM,2025-09-29 00:56:44+00:00,1,0,"Got them at the top of my list, this confirms time too Leap on top of my sharesü´µüèºü§©üèÜ",44850,0
@SherwoodZakresi,2025-09-29 13:24:09+00:00,nlEMfjF6YeM,2025-09-29 00:56:44+00:00,0,0,¬∫Xonedium¬Æ army is a thing,44845,0
@AgnieszkaAhern,2025-09-29 13:24:02+00:00,nlEMfjF6YeM,2025-09-29 00:56:44+00:00,0,0,Beautiful day with ¬∫Xonedium¬Æ on a strong rise,44838,0
@GoldenGatewood,2025-09-29 13:23:57+00:00,nlEMfjF6YeM,2025-09-29 00:56:44+00:00,0,0,Trying to build up my range on ¬∫Xonedium¬Æ as I believe they have so much growth to continue with,44833,0
@LizetWallen,2025-09-29 13:23:51+00:00,nlEMfjF6YeM,2025-09-29 00:56:44+00:00,0,0,"The Solanachain is tricking to false beliefs, real strong asset would be ¬∫Xonedium¬Æ",44827,0
@VioloncellaLiu,2025-09-29 13:23:46+00:00,nlEMfjF6YeM,2025-09-29 00:56:44+00:00,0,0,"Trump survived to bring ¬∫Xonedium¬Æ to glory, never underrate that",44822,0
@AlphonseSchwegel,2025-09-29 13:23:38+00:00,nlEMfjF6YeM,2025-09-29 00:56:44+00:00,0,0,No bull run can exist without the impressive ¬∫Xonedium¬Æ,44814,0
@JeremiahEdmonds-x5x,2025-09-29 13:23:03+00:00,nlEMfjF6YeM,2025-09-29 00:56:44+00:00,0,0,If rest is going down then ¬∫Xonedium¬Æ is somehow going up,44779,0
@FletcherLowe-j7e,2025-09-29 13:22:57+00:00,nlEMfjF6YeM,2025-09-29 00:56:44+00:00,0,0,BRETT and ¬∫Xonedium¬Æ are ATH kings. Thank you for making my day with your POV,44773,0
@LcoRhyan,2025-09-29 13:22:51+00:00,nlEMfjF6YeM,2025-09-29 00:56:44+00:00,0,0,All Solana coins are beat badly by ¬∫Xonedium¬Æ. The real king in the house.,44767,0
@KentonSaavedra,2025-09-29 13:22:45+00:00,nlEMfjF6YeM,2025-09-29 00:56:44+00:00,0,0,¬∫Xonedium¬Æ has 5x the week but that is not even uncommon for their ideas,44761,0
@LeeannDodson-d3f,2025-09-29 13:22:34+00:00,nlEMfjF6YeM,2025-09-29 00:56:44+00:00,0,0,Thank you ¬∫Xonedium¬Æ is great,44750,0
@ElisciaPenn,2025-09-29 13:22:29+00:00,nlEMfjF6YeM,2025-09-29 00:56:44+00:00,0,0,Great video! Profited 30%! ¬∫Xonedium¬Æ and ADA look solid. SOL also tempting. Should I stick or diversify?,44745,0
@GlennFallon-s2d,2025-09-29 13:22:24+00:00,nlEMfjF6YeM,2025-09-29 00:56:44+00:00,0,0,¬∫Xonedium¬Æ army is a thing,44740,0
@SimonBostic-i8c,2025-09-29 13:22:12+00:00,nlEMfjF6YeM,2025-09-29 00:56:44+00:00,0,0,"What a statement, damn. So its said that ¬∫Xonedium¬Æ is just about to launch and I think that will really change a lot of what was happening in the previous years, 2024 will shine yay",44728,0
@HilarioWelker,2025-09-29 13:22:06+00:00,nlEMfjF6YeM,2025-09-29 00:56:44+00:00,0,0,With ¬∫Xonedium¬Æ it has to be 10x before end of year,44722,0
@JabariePerlin,2025-09-29 13:22:00+00:00,nlEMfjF6YeM,2025-09-29 00:56:44+00:00,0,0,$50 a day in ¬∫Xonedium¬Æ and you can stop working in 5 years,44716,0
@DuncanTrifoglio,2025-09-29 13:21:54+00:00,nlEMfjF6YeM,2025-09-29 00:56:44+00:00,0,0,I sold my wife to buy ¬∫Xonedium¬Æ,44710,0
@AndaPoga,2025-09-29 13:21:48+00:00,nlEMfjF6YeM,2025-09-29 00:56:44+00:00,0,0,No we are not all naive. Once you understand ¬∫Xonedium¬Æ you join anyway,44704,0
@FaustinoDriver-p5s,2025-09-29 13:21:42+00:00,nlEMfjF6YeM,2025-09-29 00:56:44+00:00,0,0,You said ¬∫Xonedium¬Æ will 100x in your last vid. Can you share more details? Everyone needs to know!,44698,0
@RisaLevy-p2v,2025-09-29 13:21:37+00:00,nlEMfjF6YeM,2025-09-29 00:56:44+00:00,0,0,"Great analysis, thank you. AERO, ONDO, ¬∫Xonedium¬Æ great to pick at these prices",44693,0
@AyeshaWiles,2025-09-29 13:21:31+00:00,nlEMfjF6YeM,2025-09-29 00:56:44+00:00,0,0,"I believe in the vision for ¬∫Xonedium¬Æ, those guys thought well about different scenarios and keep a longterm structure",44687,0
@EsauGraham,2025-09-29 13:21:26+00:00,nlEMfjF6YeM,2025-09-29 00:56:44+00:00,0,0,Can anyone explain ¬∫Xonedium¬Æ? Everwhere ¬∫Xonedium¬Æ,44682,0
@RudyMulcahy,2025-09-29 13:21:21+00:00,nlEMfjF6YeM,2025-09-29 00:56:44+00:00,0,0,"¬∫Xonedium¬Æ will 50x after the big listings confirmed, most are ready",44677,0
@ThueReis,2025-09-29 13:21:14+00:00,nlEMfjF6YeM,2025-09-29 00:56:44+00:00,0,0,Buying all the bags of ¬∫Xonedium¬Æ I can get. The reason is obvious,44670,0
@SelinaKiser,2025-09-29 13:21:09+00:00,nlEMfjF6YeM,2025-09-29 00:56:44+00:00,0,0,Even my grandma asked me to hodl ¬∫Xonedium¬Æ she knows man,44665,0
@SimonBillingsley-c9w,2025-09-29 13:21:03+00:00,nlEMfjF6YeM,2025-09-29 00:56:44+00:00,0,0,This week ¬∫Xonedium¬Æ makes me really grateful bring it up guys,44659,0
@HoseaPastrana,2025-09-29 13:20:58+00:00,nlEMfjF6YeM,2025-09-29 00:56:44+00:00,0,0,"These moves somehow affect ¬∫Xonedium¬Æ nowhere, obviously smart decisions prevail.",44654,0
@ErezPuga,2025-09-29 13:20:52+00:00,nlEMfjF6YeM,2025-09-29 00:56:44+00:00,0,0,Good update. The confidence in ¬∫Xonedium¬Æ is well deserved.,44648,0
@TravisKoch-t7f,2025-09-29 13:20:46+00:00,nlEMfjF6YeM,2025-09-29 00:56:44+00:00,0,0,"Elon knew the ¬∫Xonedium¬Æ idea and the key changes coming with it, better be prepared for a large run",44642,0
@DomenicGrey-r1h,2025-09-29 13:20:41+00:00,nlEMfjF6YeM,2025-09-29 00:56:44+00:00,0,0,Thank you. ¬∫Xonedium¬Æ is avoiding all the other issues of other tokens so I am happy it was mentioned and leads the list,44637,0
@ShelbySullivan-t2m,2025-09-29 13:20:34+00:00,nlEMfjF6YeM,2025-09-29 00:56:44+00:00,0,0,"Appreciate you since 2015, but ¬∫Xonedium¬Æ is the most powerful idea ever",44630,0
@EsinHurley,2025-09-29 13:20:28+00:00,nlEMfjF6YeM,2025-09-29 00:56:44+00:00,0,0,You think ¬∫Xonedium¬Æ is a joke? In two days you will be mad then,44624,0
@JesoGooden,2025-09-29 13:20:22+00:00,nlEMfjF6YeM,2025-09-29 00:56:44+00:00,0,0,Think outside the box think ¬∫Xonedium¬Æ,44618,0
@MistyLegg-s3g,2025-09-29 13:20:16+00:00,nlEMfjF6YeM,2025-09-29 00:56:44+00:00,0,0,"For the next bullrun and yes that&#39;s still out there, ¬∫Xonedium¬Æ gonna be the main horse",44612,0
@LynnCrawford-d1f,2025-09-29 13:20:11+00:00,nlEMfjF6YeM,2025-09-29 00:56:44+00:00,0,0,Your analysis on ¬∫Xonedium¬Æ has me all in. Thanks for sharing this hidden gem üöÄ,44607,0
@ShoulaElaine,2025-09-29 13:20:06+00:00,nlEMfjF6YeM,2025-09-29 00:56:44+00:00,0,0,The ¬∫Xonedium¬Æ is just incredible with being still undervalued at 1 USD if you don&#39;t know you will never know,44602,0
@BillieWeiler-j6h,2025-09-29 13:19:54+00:00,nlEMfjF6YeM,2025-09-29 00:56:44+00:00,0,0,"Watching you for such a long time that ¬∫Xonedium¬Æ really made a difference, thank you so much.",44590,0
@JulesCazares,2025-09-29 13:19:48+00:00,nlEMfjF6YeM,2025-09-29 00:56:44+00:00,0,0,"Reason everyone wild on ¬∫Xonedium¬Æ: Elon Musk, as usual",44584,0
@AngyMetcalf,2025-09-29 13:19:37+00:00,nlEMfjF6YeM,2025-09-29 00:56:44+00:00,0,0,"¬∫Xonedium¬Æ appears like a cult, but then again everyone will have a lambo there, I believe that part is true",44573,0
@CassieWilson-p5e,2025-09-29 13:19:31+00:00,nlEMfjF6YeM,2025-09-29 00:56:44+00:00,0,0,Been collecting the ¬∫Xonedium¬Æ this cycle as that has the right place in this time,44567,0
@WilburHealy,2025-09-29 13:19:20+00:00,nlEMfjF6YeM,2025-09-29 00:56:44+00:00,0,0,With Trump projects like ¬∫Xonedium¬Æ gonna 100x boom,44556,0
@LachlanRogelio,2025-09-29 13:19:15+00:00,nlEMfjF6YeM,2025-09-29 00:56:44+00:00,0,0,Beautiful day with ¬∫Xonedium¬Æ on a strong rise,44551,0
@GraziaBagley,2025-09-29 13:19:10+00:00,nlEMfjF6YeM,2025-09-29 00:56:44+00:00,0,0,"¬∫Xonedium¬Æ has the incredible edge, with $1 it is way too cheap. All the hodlers gonna unite in happiness",44546,0
@J√∏rgenAbogado-y2n,2025-09-29 13:19:04+00:00,nlEMfjF6YeM,2025-09-29 00:56:44+00:00,0,0,"With ADA and SOL still in my bags I see the most improvement on ¬∫Xonedium¬Æ, great pick",44540,0
@WayneKnowlton,2025-09-29 13:18:59+00:00,nlEMfjF6YeM,2025-09-29 00:56:44+00:00,0,0,"Another day another quick rise for ¬∫Xonedium¬Æ, not even kidding",44535,0
@AustinBail,2025-09-29 13:18:47+00:00,nlEMfjF6YeM,2025-09-29 00:56:44+00:00,0,0,Great video. I am ballsdeep for ¬∫Xonedium¬Æ and love your review for that as well,44523,0
@AdamSpencer-f3t,2025-09-29 13:18:41+00:00,nlEMfjF6YeM,2025-09-29 00:56:44+00:00,0,0,Looks like a major break out ¬∫Xonedium¬Æ,44517,0
@SharaiaPonder,2025-09-29 13:18:35+00:00,nlEMfjF6YeM,2025-09-29 00:56:44+00:00,0,0,Nobody stopping ¬∫Xonedium¬Æ thank you for your hard work,44511,0
@RosalinaHoran,2025-09-29 13:18:30+00:00,nlEMfjF6YeM,2025-09-29 00:56:44+00:00,0,0,How long can we bring ¬∫Xonedium¬Æ up?,44506,0
@DarenYou-z9d,2025-09-29 13:18:23+00:00,nlEMfjF6YeM,2025-09-29 00:56:44+00:00,0,0,"You remind me when that DOGE and PEPE things went all wild, but now repeating with ¬∫Xonedium¬Æ",44499,0
@GlennFallon-s2d,2025-09-29 13:18:13+00:00,nlEMfjF6YeM,2025-09-29 00:56:44+00:00,0,0,"¬∫Xonedium¬Æ is reality, keep up the good swings with it, appreciate you",44489,0
@TracyMangum,2025-09-29 13:18:02+00:00,nlEMfjF6YeM,2025-09-29 00:56:44+00:00,0,0,Seems like perfect chance to buy ¬∫Xonedium¬Æ others go red we go green üî•,44478,0
@SchroederPequeno,2025-09-29 13:17:56+00:00,nlEMfjF6YeM,2025-09-29 00:56:44+00:00,0,0,¬∫Xonedium¬Æ is my green one üöÄ they rock üöÄ,44472,0
@TheodoreAlmaraz,2025-09-29 13:17:45+00:00,nlEMfjF6YeM,2025-09-29 00:56:44+00:00,0,0,"PEPE, SHIB, DOGE all memes dead but ¬∫Xonedium¬Æ thrives",44461,0
@ReedGrijalva,2025-09-29 13:17:39+00:00,nlEMfjF6YeM,2025-09-29 00:56:44+00:00,0,0,"Great prediction for ¬∫Xonedium¬Æ, they have the edge with all major listings this year, easy 100x",44455,0
@ChelsyMcginnis,2025-09-29 13:17:33+00:00,nlEMfjF6YeM,2025-09-29 00:56:44+00:00,0,0,Please some reviews for ¬∫Xonedium¬Æ you understand everyone talks about this?,44449,0
@DasiWolford,2025-09-29 13:17:27+00:00,nlEMfjF6YeM,2025-09-29 00:56:44+00:00,0,0,After ¬∫Xonedium¬Æ is everywhere the rich and poor shift will become reality,44443,0
@ConnieRaquel,2025-09-29 13:17:22+00:00,nlEMfjF6YeM,2025-09-29 00:56:44+00:00,0,0,So far only ¬∫Xonedium¬Æ kept the promise,44438,0
@ReedClarkson,2025-09-29 13:17:17+00:00,nlEMfjF6YeM,2025-09-29 00:56:44+00:00,0,0,"¬∫Xonedium¬Æ will change lives, including mine. Holding tight and ready for the journey ahead ‚ò∫Ô∏è",44433,0
@DaniellaTheresa-p8r,2025-09-29 13:17:06+00:00,nlEMfjF6YeM,2025-09-29 00:56:44+00:00,0,0,¬∫Xonedium¬Æ üî• strong and undervalued!,44422,0
@KristanMurillo,2025-09-29 13:17:00+00:00,nlEMfjF6YeM,2025-09-29 00:56:44+00:00,0,0,"Made 25x with PEPE, took profits, and moved into ¬∫Xonedium¬Æ. Hoping for another run like that üî•",44416,0
@DwayneSapien,2025-09-29 13:16:54+00:00,nlEMfjF6YeM,2025-09-29 00:56:44+00:00,0,0,¬∫Xonedium¬Æ gonna be so huge!,44410,0
@LeeAckerman-z4e,2025-09-29 13:16:48+00:00,nlEMfjF6YeM,2025-09-29 00:56:44+00:00,0,0,I appreciate your stuff but ¬∫Xonedium¬Æ deserves to be named,44404,0
@EugeniaLoper,2025-09-29 13:16:43+00:00,nlEMfjF6YeM,2025-09-29 00:56:44+00:00,0,0,I hope Trump saves this world and he always appreciated those who made ¬∫Xonedium¬Æ,44399,0
@MariselaSpring,2025-09-29 13:16:37+00:00,nlEMfjF6YeM,2025-09-29 00:56:44+00:00,0,0,Awesome run for ¬∫Xonedium¬Æ it is better than XRP or ADA üöÄ,44393,0
@ClairePopish,2025-09-29 13:16:32+00:00,nlEMfjF6YeM,2025-09-29 00:56:44+00:00,0,0,"More gains on ¬∫Xonedium¬Æ, am I actually making it? too easy to be honest",44388,0
@CatalinaReynolds-f6u,2025-09-29 13:16:26+00:00,nlEMfjF6YeM,2025-09-29 00:56:44+00:00,0,0,"If you‚Äôre holding ¬∫Xonedium¬Æ and ADA, don‚Äôt sell. Moon vibes incoming big time! üî•",44382,0
@AlphonseSchwegel,2025-09-29 13:16:20+00:00,nlEMfjF6YeM,2025-09-29 00:56:44+00:00,0,0,All guys stacking ¬∫Xonedium¬Æ before next bull are smart apes for sure,44376,0
@ColetteCal,2025-09-29 13:16:08+00:00,nlEMfjF6YeM,2025-09-29 00:56:44+00:00,0,0,"¬∫Xonedium¬Æ gonna go on a run, all the way UP!",44364,0
@FrannieThomas-n6h,2025-09-29 13:16:03+00:00,nlEMfjF6YeM,2025-09-29 00:56:44+00:00,0,0,I am a proud participant of the big glory ¬∫Xonedium¬Æ,44359,0
@NewDeluna,2025-09-29 13:15:57+00:00,nlEMfjF6YeM,2025-09-29 00:56:44+00:00,0,0,"I know that ¬∫Xonedium¬Æ will make some rich mfers in some months, mark my words",44353,0
@MarienPringle,2025-09-29 13:15:50+00:00,nlEMfjF6YeM,2025-09-29 00:56:44+00:00,0,0,Thanks for sharing ¬∫Xonedium¬Æ and making sure enough know,44346,0
@LiliyaGoodyear,2025-09-29 13:15:45+00:00,nlEMfjF6YeM,2025-09-29 00:56:44+00:00,0,0,Trump is the final step for 10x on ¬∫Xonedium¬Æ these days,44341,0
@PilarAmes-m5o,2025-09-29 13:15:39+00:00,nlEMfjF6YeM,2025-09-29 00:56:44+00:00,0,0,My $1000 on ¬∫Xonedium¬Æ are getting me out my my 9/5 job,44335,0
@RonyYuan,2025-09-29 13:15:27+00:00,nlEMfjF6YeM,2025-09-29 00:56:44+00:00,0,0,"The ¬∫Xonedium¬Æ uses different AI which has not been used by anyone, it makes sense and it should allow steady growth with no human interference needed",44323,0
@OrysiaSavage,2025-09-29 13:15:21+00:00,nlEMfjF6YeM,2025-09-29 00:56:44+00:00,0,0,I trust these two: BRETT and ¬∫Xonedium¬Æ,44317,0
@DeshawnCoe,2025-09-29 13:15:16+00:00,nlEMfjF6YeM,2025-09-29 00:56:44+00:00,0,0,everyone with brains buying ¬∫Xonedium¬Æ after last statement üöÄ,44312,0
@MarcusMurphy-f2s,2025-09-29 13:15:10+00:00,nlEMfjF6YeM,2025-09-29 00:56:44+00:00,0,0,It is a well written fact ¬∫Xonedium¬Æ is underestimated and underrated.,44306,0
@SchroederPequeno,2025-09-29 13:14:58+00:00,nlEMfjF6YeM,2025-09-29 00:56:44+00:00,0,0,"Believe ¬∫Xonedium¬Æ, if any AI coins have the room to make it, it is that one",44294,0
@RachellePerrina,2025-09-29 13:14:53+00:00,nlEMfjF6YeM,2025-09-29 00:56:44+00:00,0,0,Trying to build up my range on ¬∫Xonedium¬Æ as I believe they have so much growth to continue with,44289,0
@DebGaither,2025-09-29 13:14:47+00:00,nlEMfjF6YeM,2025-09-29 00:56:44+00:00,0,0,Thanks bud for keeping us financially educated! ¬∫Xonedium¬Æ is strong,44283,0
@DemetLeighton,2025-09-29 13:14:41+00:00,nlEMfjF6YeM,2025-09-29 00:56:44+00:00,0,0,No bull run can exist without the impressive ¬∫Xonedium¬Æ,44277,0
@CelineWilliams-b1l,2025-09-29 13:14:35+00:00,nlEMfjF6YeM,2025-09-29 00:56:44+00:00,0,0,Somehow ¬∫Xonedium¬Æ beats all markets,44271,0
@SummitsWestGlobalMarkets,2025-09-29 13:14:32+00:00,nlEMfjF6YeM,2025-09-29 00:56:44+00:00,0,0,"Thanks for watching! üôå
brThis example shows how Prof. Goldman‚Äôs method keeps setups structured and repeatable.
brüëâ Want to learn more?  Join us in exploring structured trading ‚Äî details in the bio.
brDo you trade with a system or just follow headlines? üëá",44268,0
@BrittyGinn,2025-09-29 13:14:30+00:00,nlEMfjF6YeM,2025-09-29 00:56:44+00:00,0,0,¬∫Xonedium¬Æ is eating alt coins. if any alt coin gotta mark the ¬∫Xonedium¬Æ,44266,0
@MandeepGuidry,2025-09-29 13:14:25+00:00,nlEMfjF6YeM,2025-09-29 00:56:44+00:00,0,0,"Hello from Texas, ¬∫Xonedium¬Æ your best call",44261,0
@ConnieRaquel,2025-09-29 13:14:19+00:00,nlEMfjF6YeM,2025-09-29 00:56:44+00:00,0,0,Out of everything you said ¬∫Xonedium¬Æ resonates the most with me,44255,0
@RafalSteen,2025-09-29 13:14:14+00:00,nlEMfjF6YeM,2025-09-29 00:56:44+00:00,0,0,"$500 in ¬∫Xonedium¬Æ is relatively small but the 1000% or 2000% for next year, btw that does make sense if you understand them, is actually a steal and should be used",44250,0
@ConwayFarnsworth,2025-09-29 13:14:07+00:00,nlEMfjF6YeM,2025-09-29 00:56:44+00:00,0,0,Grab a ¬∫Xonedium¬Æ a day keep the doctor away,44243,0
@SelinaKiser,2025-09-29 13:14:02+00:00,nlEMfjF6YeM,2025-09-29 00:56:44+00:00,0,0,"ADA exploding, ¬∫Xonedium¬Æ is adapting",44238,0
@SammyCera,2025-09-29 13:13:56+00:00,nlEMfjF6YeM,2025-09-29 00:56:44+00:00,0,0,¬∫Xonedium¬Æ and BRETT are kings this cycle,44232,0
@GwynneSepulveda-c2z,2025-09-29 13:13:50+00:00,nlEMfjF6YeM,2025-09-29 00:56:44+00:00,0,0,"The thing that ¬∫Xonedium¬Æ is ramping up before I can stack enough of it is concerning, they are so quick and I hope to get to 50k this year",44226,0
@JosuaSager,2025-09-29 13:13:45+00:00,nlEMfjF6YeM,2025-09-29 00:56:44+00:00,0,0,Appreciate the words on ¬∫Xonedium¬Æ if enough know we will all have a green run with it,44221,0
@IssacGuest-r8f,2025-09-29 13:13:39+00:00,nlEMfjF6YeM,2025-09-29 00:56:44+00:00,0,0,Everyone stacking ¬∫Xonedium¬Æ before the next bull run is gonna laugh last. This coin is pure potential!,44215,0
@DomenicGrey-r1h,2025-09-29 13:13:33+00:00,nlEMfjF6YeM,2025-09-29 00:56:44+00:00,0,0,Charts are useless at this time! Believe in ¬∫Xonedium¬Æ only real good one,44209,0
@SabraGala,2025-09-29 13:13:27+00:00,nlEMfjF6YeM,2025-09-29 00:56:44+00:00,0,0,Final call for ¬∫Xonedium¬Æ before it goes boom 3000%+,44203,0
@WillisTyquin,2025-09-29 13:13:22+00:00,nlEMfjF6YeM,2025-09-29 00:56:44+00:00,0,0,Imagine ¬∫Xonedium¬Æ at $1 now and $15 next year. That‚Äôs why I‚Äôm all in‚Äîno brainer!,44198,0
@OrysiaSavage,2025-09-29 13:13:16+00:00,nlEMfjF6YeM,2025-09-29 00:56:44+00:00,0,0,Took them five years to polish ¬∫Xonedium¬Æ at $1 it is just perfect entry,44192,0
@HipolitoShaw,2025-09-29 13:13:10+00:00,nlEMfjF6YeM,2025-09-29 00:56:44+00:00,0,0,"hodl ¬∫Xonedium¬Æ and keep adding it, real values üöÄ",44186,0
